<?xml version="1.0" encoding="UTF-8"?>
<metadata xml:lang="en"><Esri><CreaDate>20160120</CreaDate><CreaTime>10502600</CreaTime><ArcGISFormat>1.0</ArcGISFormat><SyncOnce>FALSE</SyncOnce><DataProperties><itemProps><itemName Sync="TRUE">gfw_oil_palm</itemName><nativeExtBox><westBL Sync="TRUE">-1239818.863000</westBL><eastBL Sync="TRUE">15689910.909800</eastBL><southBL Sync="TRUE">-925011.770000</southBL><northBL Sync="TRUE">817331.462800</northBL><exTypeCode Sync="TRUE">1</exTypeCode></nativeExtBox><itemLocation><linkage Sync="TRUE">file://\\GGNB12\Users\asa.strong\Documents\temp\liberia update\new.gdb</linkage><protocol Sync="TRUE">Local Area Network</protocol></itemLocation><imsContentType Sync="TRUE">002</imsContentType><itemSize Sync="TRUE">0.000</itemSize></itemProps><coordRef><type Sync="TRUE">Geographic</type><geogcsn Sync="TRUE">GCS_WGS_1984</geogcsn><csUnits Sync="TRUE">Angular Unit: Degree (0.017453)</csUnits><peXml Sync="TRUE">&lt;GeographicCoordinateSystem xsi:type='typens:GeographicCoordinateSystem' xmlns:xsi='http://www.w3.org/2001/XMLSchema-instance' xmlns:xs='http://www.w3.org/2001/XMLSchema' xmlns:typens='http://www.esri.com/schemas/ArcGIS/10.3'&gt;&lt;WKT&gt;GEOGCS[&amp;quot;GCS_WGS_1984&amp;quot;,DATUM[&amp;quot;D_WGS_1984&amp;quot;,SPHEROID[&amp;quot;WGS_1984&amp;quot;,6378137.0,298.257223563]],PRIMEM[&amp;quot;Greenwich&amp;quot;,0.0],UNIT[&amp;quot;Degree&amp;quot;,0.0174532925199433],AUTHORITY[&amp;quot;EPSG&amp;quot;,4326]]&lt;/WKT&gt;&lt;XOrigin&gt;-400&lt;/XOrigin&gt;&lt;YOrigin&gt;-400&lt;/YOrigin&gt;&lt;XYScale&gt;1111948722.2222221&lt;/XYScale&gt;&lt;ZOrigin&gt;-100000&lt;/ZOrigin&gt;&lt;ZScale&gt;10000&lt;/ZScale&gt;&lt;MOrigin&gt;-100000&lt;/MOrigin&gt;&lt;MScale&gt;10000&lt;/MScale&gt;&lt;XYTolerance&gt;8.983152841195215e-009&lt;/XYTolerance&gt;&lt;ZTolerance&gt;0.001&lt;/ZTolerance&gt;&lt;MTolerance&gt;0.001&lt;/MTolerance&gt;&lt;HighPrecision&gt;true&lt;/HighPrecision&gt;&lt;LeftLongitude&gt;-180&lt;/LeftLongitude&gt;&lt;WKID&gt;4326&lt;/WKID&gt;&lt;LatestWKID&gt;4326&lt;/LatestWKID&gt;&lt;/GeographicCoordinateSystem&gt;</peXml></coordRef><lineage><Process ToolSource="c:\program files (x86)\arcgis\desktop10.3\ArcToolbox\Toolboxes\Data Management Tools.tbx\CalculateField" Date="20151119" Time="104606">CalculateField gfw_oil_palm country "MYS" VB #</Process><Process ToolSource="c:\program files (x86)\arcgis\desktop10.3\ArcToolbox\Toolboxes\Data Management Tools.tbx\CalculateField" Date="20151119" Time="104633">CalculateField gfw_oil_palm country "IDN" VB #</Process></lineage></DataProperties><SyncDate>20151119</SyncDate><SyncTime>10414500</SyncTime><ModDate>20151119</ModDate><ModTime>10414500</ModTime><ArcGISstyle>ISO 19139 Metadata Implementation Specification</ArcGISstyle><scaleRange><minScale>20000000</minScale><maxScale>5000</maxScale></scaleRange></Esri><mdLang><languageCode value="eng"/><countryCode Sync="TRUE" value="USA"/></mdLang><mdChar><CharSetCd value="004"/></mdChar><mdHrLv><ScopeCd value="005"/></mdHrLv><mdStanName>ArcGIS Metadata</mdStanName><mdStanVer>1.0</mdStanVer><dataIdInfo><idCitation><presForm><PresFormCd value="005"/></presForm><presForm><fgdcGeoform>vector digital data</fgdcGeoform></presForm><otherCitDet>Suggested citation for data as displayed on GFW: “Oil Palm.” World Resources Institute. Accessed through Global Forest Watch on [date]. www.globalforestwatch.org.</otherCitDet><resTitle Sync="TRUE">gfw_oil_palm</resTitle></idCitation><idAbs>&lt;DIV STYLE="text-align:Left;"&gt;&lt;DIV&gt;&lt;DIV ID="global"&gt;&lt;P&gt;&lt;SPAN&gt;"Oil palm concession" refers to an area allocated by a government or other body for industrial-scale oil palm plantations.The oil palm concession data on GFW, while displayed as a single layer, is assembled on a country-by-country basis from multiple sources.Oil palm concession data displayed on the GFW website vary from country to country by date and data sources. Data may come from government agencies, NGOs, or other organizations.If you are aware of concession data for additional countries, please email us here.&lt;/SPAN&gt;&lt;/P&gt;&lt;/DIV&gt;&lt;DIV ID="lbr_oil_palm"&gt;&lt;H3&gt;Liberia oil palm concessions&lt;/H3&gt;&lt;P&gt;&lt;SPAN&gt;?Oil palm concession? refers to an area allocated by a government or other body for industrial-scale oil palm plantations.The oil palm concession data on GFW, while displayed as a single layer, is assembled on a country-by-country basis from multiple sources.Oil palm concession data displayed on the GFW website vary from country to country by date and data sources. Data may come from government agencies, NGOs, or other organizations.If you are aware of concession data for additional countries, please email us here.&lt;/SPAN&gt;&lt;/P&gt;&lt;P&gt;&lt;SPAN&gt;This data set provides the boundaries of known oil palm plantations for Liberia and was compiled by Global Witness from available government maps. Information provided with this data set includes company, ownership group, and land area.&lt;/SPAN&gt;&lt;/P&gt;&lt;/DIV&gt;&lt;DIV ID="cmr_oil_palm"&gt;&lt;H3&gt;Cameroon agro-industrial zones&lt;/H3&gt;&lt;P&gt;&lt;SPAN&gt;This data layer shows the boundaries of agro-industrial zones, where oil palm and rubber tree plantations, as well as other crops, may be established. In Cameroon, industrial agriculture falls outside of the National Forest Estate. Agricultural plantations are allocated by the Ministry of Economy and Planning to private entities under long-term, renewable contracts, which are then monitored by the Ministry of Agriculture. The agro-industrial data set was mapped using satellite imagery, with ground-truthing to determine the crop type and operating company. Official documentation was often lacking, so boundaries should be considered approximate and nonexhaustive.&lt;/SPAN&gt;&lt;/P&gt;&lt;/DIV&gt;&lt;DIV ID="cog_oil_palm"&gt;&lt;H3&gt;Republic of the Congo oil palm concessions&lt;/H3&gt;&lt;P&gt;&lt;SPAN&gt;This data set provides the boundaries for oil palm plantations according to the Republic of the Congo Ministry of Agriculture. &lt;/SPAN&gt;&lt;/P&gt;&lt;/DIV&gt;&lt;DIV ID="idn_oil_palm"&gt;&lt;H3&gt;Indonesia oil palm concessions&lt;/H3&gt;&lt;P&gt;&lt;SPAN&gt;?Oil palm concession? refers to an area allocated by a government or other body for industrial-scale oil palm plantations. The oil palm concession data on GFW, while displayed as a single layer, is assembled on a country-by-country basis from multiple sources. Oil palm concession data displayed on the GFW website vary from country to country by date and data sources. Data may come from government agencies, NGOs, or other organizations.&lt;/SPAN&gt;&lt;/P&gt;&lt;P&gt;&lt;SPAN&gt;This data set, produced by the Indonesia Ministry of Forestry, provides the boundaries of current or planned oil palm plantations in Indonesia. This data set is known to be incomplete, but it is currently the best available.&lt;/SPAN&gt;&lt;/P&gt;&lt;/DIV&gt;&lt;/DIV&gt;&lt;/DIV&gt;</idAbs><idPurp>Displays boundaries of areas allocated by governments to companies for oil palm plantations</idPurp><idPoC><rpIndName>Asa Strong</rpIndName><rpOrgName>World Resources Institute</rpOrgName><rpPosName>Research Assistant</rpPosName><role><RoleCd value="007"/></role></idPoC><placeKeys><keyword>liberia</keyword><keyword>cameroon</keyword><keyword>congo</keyword><keyword>indonesia</keyword></placeKeys><themeKeys><keyword>oil palm, plantations, agro-industrial</keyword></themeKeys><searchKeys><keyword>global forest watch</keyword><keyword>forest use</keyword><keyword>oil palm</keyword><keyword>plantations</keyword><keyword>agro-industrial</keyword><keyword>liberia</keyword><keyword>cameroon</keyword><keyword>congo</keyword><keyword>indonesia</keyword></searchKeys><resConst><Consts><useLimit>&lt;DIV STYLE="text-align:Left;"&gt;&lt;DIV&gt;&lt;DIV&gt;&lt;P&gt;&lt;SPAN&gt;This layer is a compilation of concession data from various countries and sources. The quality of these data can vary depending on the source. This layer may not include all existing concessions in a country, and the location of certain concessions can be inaccurate.&lt;/SPAN&gt;&lt;/P&gt;&lt;/DIV&gt;&lt;/DIV&gt;&lt;/DIV&gt;</useLimit></Consts></resConst><spatRpType><SpatRepTypCd value="001"/></spatRpType><dataLang><languageCode value="eng"/><countryCode Sync="TRUE" value="USA"/></dataLang><dataExt><geoEle><GeoBndBox><westBL>-11.137482</westBL><eastBL>140.944868</eastBL><southBL>-8.280545</southBL><northBL>7.322201</northBL></GeoBndBox></geoEle><exDesc>Currently available for liberia, cameroon, congo, and indonesia</exDesc></dataExt><resMaint><usrDefFreq><duration>Variable, depending on government agencies and other data providers</duration></usrDefFreq></resMaint><envirDesc Sync="TRUE">Microsoft Windows Server 2008 R2 Version 6.1 (Build 7601) Service Pack 1; Esri ArcGIS 10.3.0.4322</envirDesc><dataExt><geoEle><GeoBndBox esriExtentType="search"><exTypeCode Sync="TRUE">1</exTypeCode><westBL Sync="TRUE">-11.137482</westBL><eastBL Sync="TRUE">140.944868</eastBL><northBL Sync="TRUE">7.322201</northBL><southBL Sync="TRUE">-8.280545</southBL></GeoBndBox></geoEle></dataExt></dataIdInfo><dqInfo><dqScope><scpLvl><ScopeCd value="005"/></scpLvl></dqScope><dataLineage><dataSource><srcDesc>Generally based on a combination of government documents, satellite imagery, and GPS data.</srcDesc></dataSource><dataSource><srcDesc>Generally based on a combination of government documents, satellite imagery, and GPS data</srcDesc></dataSource></dataLineage></dqInfo><eainfo><detailed Name="gfw_oil_palm"><enttyp><enttypl Sync="TRUE">gfw_oil_palm</enttypl><enttypt Sync="TRUE">Feature Class</enttypt><enttypc Sync="TRUE">0</enttypc></enttyp><attr><attrlabl Sync="TRUE">OBJECTID_1</attrlabl><attalias Sync="TRUE">OBJECTID_1</attalias><attrtype Sync="TRUE">OID</attrtype><attwidth Sync="TRUE">4</attwidth><atprecis Sync="TRUE">0</atprecis><attscale Sync="TRUE">0</attscale><attrdef Sync="TRUE">Internal feature number.</attrdef><attrdefs Sync="TRUE">Esri</attrdefs><attrdomv><udom Sync="TRUE">Sequential unique whole numbers that are automatically generated.</udom></attrdomv></attr><attr><attrlabl Sync="TRUE">OBJECTID</attrlabl><attalias Sync="TRUE">OBJECTID</attalias><attrtype Sync="TRUE">Integer</attrtype><attwidth Sync="TRUE">4</attwidth><atprecis Sync="TRUE">0</atprecis><attscale Sync="TRUE">0</attscale><attrdef Sync="TRUE">Internal feature number.</attrdef><attrdefs Sync="TRUE">Esri</attrdefs><attrdomv><udom Sync="TRUE">Sequential unique whole numbers that are automatically generated.</udom></attrdomv></attr><attr><attrlabl>AREA_HA</attrlabl><attrdef>Displays the total area of each concession measured in hectares with a GIS</attrdef><attalias Sync="TRUE">area_ha</attalias><attrtype Sync="TRUE">String</attrtype><attwidth Sync="TRUE">254</attwidth><atprecis Sync="TRUE">0</atprecis><attscale Sync="TRUE">0</attscale></attr><attr><attrlabl>COUNTRY</attrlabl><attrdef>Displays the country where the oil palm plantations or concessions are located</attrdef><attalias Sync="TRUE">country</attalias><attrtype Sync="TRUE">String</attrtype><attwidth Sync="TRUE">254</attwidth><atprecis Sync="TRUE">0</atprecis><attscale Sync="TRUE">0</attscale></attr><attr><attrlabl Sync="TRUE">Subgroup</attrlabl><attalias Sync="TRUE">subgroup</attalias><attrtype Sync="TRUE">String</attrtype><attwidth Sync="TRUE">254</attwidth><atprecis Sync="TRUE">0</atprecis><attscale Sync="TRUE">0</attscale></attr><attr><attrlabl Sync="TRUE">GROUPID</attrlabl><attalias Sync="TRUE">groupid</attalias><attrtype Sync="TRUE">String</attrtype><attwidth Sync="TRUE">254</attwidth><atprecis Sync="TRUE">0</atprecis><attscale Sync="TRUE">0</attscale></attr><attr><attrlabl Sync="TRUE">source</attrlabl><attalias Sync="TRUE">source</attalias><attrtype Sync="TRUE">String</attrtype><attwidth Sync="TRUE">254</attwidth><atprecis Sync="TRUE">0</atprecis><attscale Sync="TRUE">0</attscale></attr><attr><attrlabl Sync="TRUE">group_comp</attrlabl><attalias Sync="TRUE">group_comp</attalias><attrtype Sync="TRUE">String</attrtype><attwidth Sync="TRUE">254</attwidth><atprecis Sync="TRUE">0</atprecis><attscale Sync="TRUE">0</attscale></attr><attr><attrlabl Sync="TRUE">Shape_Area</attrlabl><attalias Sync="TRUE">Shape_Area</attalias><attrtype Sync="TRUE">Double</attrtype><attwidth Sync="TRUE">8</attwidth><atprecis Sync="TRUE">0</atprecis><attscale Sync="TRUE">0</attscale><attrdef Sync="TRUE">Area of feature in internal units squared.</attrdef><attrdefs Sync="TRUE">Esri</attrdefs><attrdomv><udom Sync="TRUE">Positive real numbers that are automatically generated.</udom></attrdomv></attr><attr><attrlabl>TYPE</attrlabl><attrdef>Displays the type of oil palm plantation</attrdef><attalias Sync="TRUE">type</attalias><attrtype Sync="TRUE">String</attrtype><attwidth Sync="TRUE">254</attwidth><atprecis Sync="TRUE">0</atprecis><attscale Sync="TRUE">0</attscale></attr><attr><attrlabl>Shape</attrlabl><attrdef>Feature geometry.</attrdef><attrdefs>Esri</attrdefs><attrdomv><udom>Coordinates defining the features.</udom></attrdomv><attalias Sync="TRUE">Shape</attalias><attrtype Sync="TRUE">Geometry</attrtype><attwidth Sync="TRUE">0</attwidth><atprecis Sync="TRUE">0</atprecis><attscale Sync="TRUE">0</attscale></attr><attr><attrlabl Sync="TRUE">company</attrlabl><attalias Sync="TRUE">company</attalias><attrtype Sync="TRUE">String</attrtype><attwidth Sync="TRUE">254</attwidth><atprecis Sync="TRUE">0</atprecis><attscale Sync="TRUE">0</attscale></attr><attr><attrlabl>NAME</attrlabl><attrdef>Displays the name or ID of the oil palm plantation</attrdef><attalias Sync="TRUE">name</attalias><attrtype Sync="TRUE">String</attrtype><attwidth Sync="TRUE">254</attwidth><atprecis Sync="TRUE">0</atprecis><attscale Sync="TRUE">0</attscale></attr><attr><attrlabl Sync="TRUE">SHAPE_Leng</attrlabl><attalias Sync="TRUE">SHAPE_Leng</attalias><attrtype Sync="TRUE">Double</attrtype><attwidth Sync="TRUE">8</attwidth><atprecis Sync="TRUE">0</atprecis><attscale Sync="TRUE">0</attscale></attr><attr><attrlabl Sync="TRUE">Last_updat</attrlabl><attalias Sync="TRUE">last_updat</attalias><attrtype Sync="TRUE">String</attrtype><attwidth Sync="TRUE">254</attwidth><atprecis Sync="TRUE">0</atprecis><attscale Sync="TRUE">0</attscale></attr><attr><attrlabl Sync="TRUE">Shape_Le_1</attrlabl><attalias Sync="TRUE">Shape_Le_1</attalias><attrtype Sync="TRUE">Double</attrtype><attwidth Sync="TRUE">8</attwidth><atprecis Sync="TRUE">0</atprecis><attscale Sync="TRUE">0</attscale></attr><attr><attrlabl Sync="TRUE">Shape_Length</attrlabl><attalias Sync="TRUE">Shape_Length</attalias><attrtype Sync="TRUE">Double</attrtype><attwidth Sync="TRUE">8</attwidth><atprecis Sync="TRUE">0</atprecis><attscale Sync="TRUE">0</attscale><attrdef Sync="TRUE">Length of feature in internal units.</attrdef><attrdefs Sync="TRUE">Esri</attrdefs><attrdomv><udom Sync="TRUE">Positive real numbers that are automatically generated.</udom></attrdomv></attr><attr><attrlabl Sync="TRUE">gfwid</attrlabl><attalias Sync="TRUE">gfwid</attalias><attrtype Sync="TRUE">String</attrtype><attwidth Sync="TRUE">36</attwidth><atprecis Sync="TRUE">0</atprecis><attscale Sync="TRUE">0</attscale></attr></detailed></eainfo><distInfo><distFormat><formatName Sync="TRUE">File Geodatabase Feature Class</formatName></distFormat><distTranOps><transSize Sync="TRUE">0.000</transSize></distTranOps></distInfo><mdHrLvName Sync="TRUE">dataset</mdHrLvName><refSysInfo><RefSystem><refSysID><identCode Sync="TRUE" code="4326"/><idCodeSpace Sync="TRUE">EPSG</idCodeSpace><idVersion Sync="TRUE">8.2.6</idVersion></refSysID></RefSystem></refSysInfo><spatRepInfo><VectSpatRep><geometObjs Name="gfw_oil_palm"><geoObjTyp><GeoObjTypCd value="002" Sync="TRUE"></GeoObjTypCd></geoObjTyp><geoObjCnt Sync="TRUE">0</geoObjCnt></geometObjs><topLvl><TopoLevCd value="001" Sync="TRUE"></TopoLevCd></topLvl></VectSpatRep></spatRepInfo><spdoinfo><ptvctinf><esriterm Name="gfw_oil_palm"><efeatyp Sync="TRUE">Simple</efeatyp><efeageom code="4" Sync="TRUE"></efeageom><esritopo Sync="TRUE">FALSE</esritopo><efeacnt Sync="TRUE">0</efeacnt><spindex Sync="TRUE">TRUE</spindex><linrefer Sync="TRUE">FALSE</linrefer></esriterm></ptvctinf></spdoinfo><mdDateSt Sync="TRUE">20151119</mdDateSt></metadata>
